"path","bytes","sha256"
"Assets/Thirdparty/Layer Lab/GUI Pro-SurvivalClean/ResourcesData/Sprites/Components/Icon_ItemIcons(x2)/NoShadow_256.meta","172","126F522984D12B9F3C9F676BB8D9A08BDA9F910F2D77B2406EE9433A5BB223CA"
"Assets/Thirdparty/Layer Lab/GUI Pro-SurvivalClean/ResourcesData/Sprites/Components/Icon_ItemIcons(x2)/NoShadow_512.meta","172","B290C2BDD9DD34E20108C119EA1DC8CF9767607A21B5DB908975B89C2CB45234"
"Assets/Thirdparty/Layer Lab/GUI Pro-SurvivalClean/ResourcesData/Sprites/Components/Icon_ItemIcons(x2)/NoShadow_128.meta","172","63975BA39FA310A47B73E08E49544BB48B5A348C79F4D275504B4563AD64C298"
"Assets/Thirdparty/Layer Lab/GUI Pro-SurvivalClean/ResourcesData/Sprites/Components/Icon_ItemIcons(x2)/Shadow_512.meta","172","895C0CDFA78AF713D7F1B8592D934B59CA9B9D586FC9DF20A56536E2986BB605"
"Assets/Thirdparty/Layer Lab/GUI Pro-SurvivalClean/ResourcesData/Sprites/Components/Icon_ItemIcons(x2)/Shadow_256.meta","172","1CE585D18D8522ADBDB394A2CA11D6D116D67C3F89B17F0019FC7F3F9AFFEB0A"
"Assets/Thirdparty/Layer Lab/GUI Pro-SurvivalClean/ResourcesData/Sprites/Components/Icon_ItemIcons(x2)/Shadow_128.meta","172","DA051A80F6C26DA8BE77543CA55C683BFDC2E2D312E16EEBB8742944057D3D07"
"Assets/Thirdparty/Layer Lab/GUI Pro-SurvivalClean/ResourcesData/Sprites/Components/Icon_ItemIcons(Original).meta","172","FF9CFDEB4A0028A8927D09D17868422C2B61E976B8BCAAC36396E9A847619CA7"
"Assets/Thirdparty/Layer Lab/GUI Pro-SurvivalClean/ResourcesData/Sprites/Components/Icon_ItemIcons(x2).meta","172","1CD76A9100766FCF7243C54C1AD6BA2B023B82A52593D74DA9F618121F8809C7"
"Assets/Thirdparty/Layer Lab/GUI Pro-SurvivalClean/ResourcesData/Sprites/Components/Sliders_Custom.meta","172","7A9DA5CFF5D3F925E30F7CCDA49F16A3E2D67CABE838128716D9300D9155AF6B"
"Assets/Thirdparty/Layer Lab/GUI Pro-SurvivalClean/ResourcesData/Sprites/Components/Frame_Custom.meta","172","07185360B16E09BD771C8B874A850BFCE0CBC16D40CC4EF03B591B06CBB412D7"
"Assets/Thirdparty/Layer Lab/GUI Pro-SurvivalClean/ResourcesData/Sprites/Components/Button_Demo.meta","172","A8CD4FF224429E54F6193D462A95D56C14B0B285EDCE383DD9C6FD69EFC30B13"
"Assets/Thirdparty/Layer Lab/GUI Pro-SurvivalClean/ResourcesData/Sprites/Components/Frame_Demo.meta","172","3AF9A9B08414353676DC5B4FFBA67511F42BA1E99F4BB4FECB8ECD32852A2BA6"
"Assets/Thirdparty/Layer Lab/GUI Pro-SurvivalClean/ResourcesData/Sprites/Demo/Demo_Backgound.meta","172","6460ED7AA9B8E576316C6DE64A7850D50162765B8D82E34DDEF902C0BAD63D69"
"Assets/Thirdparty/Layer Lab/GUI Pro-SurvivalClean/ResourcesData/Sprites/Demo/Demo_Character.meta","172","DA0A1E57D765EABB99CF087CF11EE88C98C7581723F7B71B177D4B27EC9515E1"
"Assets/Thirdparty/Layer Lab/GUI Pro-SurvivalClean/ResourcesData/Sprites/Demo/Demo_RankBadge.meta","172","E73D2C4C2D550BD553D6CE6115837DD11D2168A1A4E8ED8D4EE1A1AB2F92CEC8"
"Assets/Thirdparty/Layer Lab/GUI Pro-SurvivalClean/ResourcesData/Sprites/Demo/Demo_ItemIcon.meta","172","CFAEFCB8C3FEB4CC21CB0750F7F229C1608729971AA401F53C51BDDCCDB7113D"
"Assets/Thirdparty/Layer Lab/GUI Pro-SurvivalClean/ResourcesData/Sprites/Demo/Demo_MenuIcon.meta","172","084D192756C42CA232D61226B40E672537574A2C414FB4F5CBC701F199A661E5"
"Assets/Thirdparty/Layer Lab/GUI Pro-SurvivalClean/ResourcesData/Sprites/Components/UI_Etc.meta","172","40D88998B6DA7D1F948D3F9F711CFD5009F15EA724460FA51E8A116704FC4E77"
"Assets/Thirdparty/Layer Lab/GUI Pro-SurvivalClean/ResourcesData/Sprites/Components/Label.meta","172","A17F50CF13DA6CABD1FB25137E995AC9DE1AEEDF303504D3AF9D886EB1214204"
"Assets/Thirdparty/Layer Lab/GUI Pro-SurvivalClean/ResourcesData/Sprites/Demo/Demo_Image.meta","172","055274B1597C30D79A6D302AF4F853EC6D59C37A86ABD6CF76CABA8DB096C75D"
"Assets/Thirdparty/Layer Lab/GUI Pro-SurvivalClean/Prefabs/Prefabs_Component_TableFrames.meta","172","C03C5EB146DE5914A352F2E586BB2EA27CA3CE3E936B1A5BE5507047AD97603E"
"Assets/Thirdparty/Layer Lab/GUI Pro-SurvivalClean/ResourcesData/Sprites/Demo/Demo_Play.meta","172","4FC5741488C1E3C71885AF02E96FF860545A76D0BE8E6270F8A0CE2AE57B716E"
"Assets/Thirdparty/Animations/MoCapCentral/MC_Sample/Demo/Characters/MCUnity/Prefabs.meta","172","A5431322A36787FC6C192C40D14371DEE1C6221BA6C8D8BCC0B33632A64DCE8B"
"Assets/Thirdparty/Layer Lab/GUI Pro-SurvivalClean/Prefabs/Prefabs_Component_Buttons.meta","172","F08963C06E5F99F320AFC0187A1BA69E50FE72E49FE40770951FD9B55D2317A5"
"Assets/Thirdparty/Layer Lab/GUI Pro-SurvivalClean/Prefabs/Prefabs_Component_Sliders.meta","172","E78E40B6E6CDDD3165185DACBD8BE01F6BD72E57205E3D8547694FDC759DF813"
"Assets/Thirdparty/Layer Lab/GUI Pro-SurvivalClean/Prefabs/Prefabs_Component_Popups.meta","172","FDE25C13BAF922FE723380AEA2ED80F5F2216D0680AC493DAFD29A0A1F8C10E2"
"Assets/Thirdparty/Layer Lab/GUI Pro-SurvivalClean/Prefabs/Prefabs_Component_Labels.meta","172","EB62C18BFC00C297A81061BF959B79C579234492E4DEC257863210E840FD4D37"
"Assets/Thirdparty/Layer Lab/GUI Pro-SurvivalClean/Prefabs/Prefabs_Component_UI_Etc.meta","172","CF5CE905411FA75D2562DD62DE50B829A6C6A1FCB43BFD0F9239F9DE5814ECD2"
"Assets/Thirdparty/Layer Lab/GUI Pro-SurvivalClean/Prefabs/Prefabs_DemoScene_Panels.meta","172","DA790DFCD3FE01E778414D6BAEEA84B1DAAC11E982DD262BDACD8A94AAFBD4D7"
"Assets/Thirdparty/Layer Lab/GUI Pro-SurvivalClean/Prefabs/Prefabs_Component_Frames.meta","172","702ECE515CCBFAE29E90CDF1B4D6AB65346F0637FBAEE29E9723EDE74EAD7C32"
"Assets/Thirdparty/Animations/MoCapCentral/MC_Sample/Demo/Objects/VendingMachine.meta","172","B64F9D610C2572EFEC51E753FD828D76BD823CBC32C9876923ED36CA990E7184"
"Assets/Thirdparty/Models/PolygonMilitary/Prefabs/Characters/Attachments/Patches.meta","193","D66E65DD0D6C73D4CEE11AFA122C741F28201B05326ACA5320D91A29E4301CBC"
"Assets/Thirdparty/Animations/MoCapCentral/MC_Sample/Demo/Objects/JugMoonshine.meta","172","11143D2EE66E4308B46C85B2531A37E3CFEAF0DB6E04F9EEEE803F099A4D5AAB"
"Assets/Thirdparty/Animations/MoCapCentral/MC_Sample/Animations/VendingMachine.meta","172","98CDB2D1769FCEFBE134B8D8EBFB5BB1DA893DD64F793C321C30FD86E6CF97E4"
"Assets/Thirdparty/Models/Synty/PolygonPalmCity/Prefabs/Characters/Attachments.meta","172","6B328A6758A5798CE863C0D9F6B24CDA00810EBFAC270360AECAA19057E35264"
"Assets/Thirdparty/Models/Synty/PolygonGeneric/Prefabs/Characters/Attachments.meta","172","A23205C9A184974F3994DBC6E884ADABFD48297C6A63008B608BF4B9B63D71E1"
"Assets/Thirdparty/Animations/MoCapCentral/MC_Sample/Demo/Objects/CoconutHalf.meta","172","16A03C251946C983E9F8A22C5DB277863BF681C57D9F5D31AF26C85C9D6B19C6"
"Assets/Thirdparty/Models/PolygonMilitary/Prefabs/Weapons/Modular/Attachments.meta","193","54AAFF3A4B42AD2812246D098B580C9FD37CBEF70A9409C0DB0068BD2727E634"
"Assets/Thirdparty/Models/PolygonBattleRoyale/Prefabs/Characters/Attachments.meta","193","458E72505A9884FA1E04369D1A5CC21E64883C3DBFC31D146DBDF75E5CA8635F"
"Assets/Thirdparty/Models/PolygonMilitary/Prefabs/Weapons/Modular/Crosshairs.meta","193","5A758F68601AA0443308B767C4224C0EE676D657B84D01508E4AF471F31FD61F"
"Assets/Thirdparty/Animations/MoCapCentral/MC_Sample/Animations/PretendHorse.meta","172","DAD2C1EB6315303506A54656245C40DA711E99789106E3CC3F4A33213EBBA9D3"
"Assets/Thirdparty/Layer Lab/GUI Pro-SurvivalClean/Prefabs/Prefabs_Demo_Play.meta","172","D479D79CEEC0D60F9C1948C6DEB6599F725148D80A5901D3DFCC2E6B67FA1A91"
"Assets/Thirdparty/Models/Synty/PolygonPalmCity/Prefabs/Vehicles/Attachments.meta","172","26F9493EFAF66E3453FFCED1EDED7C6C9514C5E24B8324307922C01836E5EDB6"
"Assets/Thirdparty/Animations/MoCapCentral/MC_Sample/Demo/Objects/Microphone.meta","172","58C0A0B65D8DD9418AB4B5373F27130CFBB101941EA89F418E160EEFF523AF75"
"Assets/Thirdparty/Models/Synty/PolygonPalmCity/Materials/Buildings/Plaster.meta","172","671C2D61F67DF0CA346ED0C88EFCAE77BCF03D07EF571EC262BA0208C9C82523"
"Assets/Thirdparty/Animations/MoCapCentral/MC_Sample/Animations/BallBalance.meta","172","8C1B0B35F5732DF16E75BA025053E1D1BC0137FD2EF69EDA450C3880C74BB39D"
"Assets/Thirdparty/Layer Lab/GUI Pro-SurvivalClean/ResourcesData/Animation.meta","172","8A9704EC0F627D906BC7CA7EB2173EC07DF7D3B41B289F745DD488A6750101AF"
"Assets/Thirdparty/Models/Synty/PolygonPalmCity/Models/Collision/Generated.meta","172","D3360576C544B10968CCE788F74C6BD2EE037631F97109B1FECFE013CA4AE13F"
"Assets/Thirdparty/Animations/MoCapCentral/MC_Sample/Animations/ProneCrawl.meta","172","95095B12247B61F36B28360556CEDD09A6A8289A2D03B982501441022CF83094"
"Assets/Thirdparty/Layer Lab/GUI Pro-SurvivalClean/Prefabs/Prefabs_Demo_UI.meta","172","8104EE558419F0970A76AF9C62DAAD7BE2F638AB29537E953437F72A97F66687"
"Assets/Thirdparty/Models/PolygonMilitary/Prefabs/Weapons/Modular/Weapon_B.meta","193","2CCEBDBA8FC35C1989620283926F2BCF4CAE3D482685A7AFB7433BD3B1C93701"
"Assets/Thirdparty/Models/PolygonMilitary/Prefabs/Weapons/Modular/Weapon_A.meta","193","74D53D63D4B58EE6030345C82C80BD95A3AF1AA8AA46C2EC851CF2FAA6E61053"
"Assets/Thirdparty/Models/PolygonMilitary/Prefabs/Vehicles/Veh_Attachments.meta","193","2CAF872F79B11246BBE25B09300CFDEC5BB7E313BF0B1A0F5DE315071BAA917D"
"Assets/Thirdparty/Animations/MoCapCentral/MC_Sample/Animations/Spellbook.meta","172","15A17A10E2728E93562A6CFE3564C6A9548E5CB144748FD7B8031CE931A66CC5"
"Assets/Thirdparty/Models/PolygonMilitary/Prefabs/Weapons/Modular_Presets.meta","193","F280EEE7FDDEFA905310E88BBECC658531D1B5E347EBB8D94510AC31711BF561"
"Assets/Thirdparty/Animations/MoCapCentral/MC_Sample/Animations/Moonshine.meta","172","0EC9C02D20DE5EEEAC1FD4D7C30470DA1A3B23BD3345D964F3DF328FDB7700E0"
"Assets/Thirdparty/Animations/Opsive/OmniAnimation/Packs/Shared/Materials.meta","172","91FDDE4F64DBD20B951B95ACB6198E7B601393E21A63A7A298399FE64B940145"
"Assets/Thirdparty/Animations/MoCapCentral/MC_Sample/Animations/OrcHammer.meta","172","2A7C3DFF781108EB027C33F083109EB8101A62E0477CC0EB41D39F5DB0EE5A50"
"Assets/Thirdparty/Models/PolygonMilitary/Prefabs/Characters/Alt_Soldiers.meta","193","0F02A3BC350C9F7837D3E163729B79FF2B3DDF40F0059F651C2728EC44132530"
"Assets/Thirdparty/Animations/MoCapCentral/MC_Sample/Demo/Objects/Hammer.meta","172","ABD533C349653D2E5754A15F68EE30B21456C36572E81A5EED3FA7E6B7E8BB41"
"Assets/Thirdparty/Animations/MoCapCentral/MC_Sample/Animations/Emotions.meta","172","AB7EAFE90EC442F1063D5B57C37CEC3136D917B2192060E0EF8C44090848C018"
"Assets/Thirdparty/Models/PolygonMilitary/Prefabs/Characters/Attachments.meta","193","E903021A1A02565968B2F7C55440B705C2A323D6AF0A9FB9E58EAB5FFA0FD48C"
"Assets/Thirdparty/Models/PolygonMilitary/Prefabs/Weapons/Modular/Scopes.meta","193","CCBD961C32C5A10388C9C5E1E06993390C4D6444074E41BD56667349B654AE21"
"Assets/Thirdparty/Models/PolygonBattleRoyale/Prefabs/Characters/Pickups.meta","193","1D9F8E5CEE6E179B08847ADC23674D75350FB4863D3D61E40788FE37F627C087"
"Assets/Thirdparty/Animations/Opsive/OmniAnimation/Packs/Shared/Textures.meta","172","56B265A38AD48A36C1FD20081D57387F66BC16949572FFA2C4B4120E03E51D24"
"Assets/Thirdparty/Models/Synty/PolygonPalmCity/Textures/Terrain/Layers.meta","172","77A076A5665E75EB18E6DC9B989BED22D346578C0FF364451E4C9801EB5665C4"
"Assets/Thirdparty/Animations/MoCapCentral/MC_Sample/Animations/Propose.meta","172","ADFD3AC72B7083CBADA4FB131A6A9043EF39ADCE936C6CF1257171F827DEE4D8"
"Assets/Thirdparty/Animations/MoCapCentral/MC_Sample/Animations/Swagger.meta","172","722BFA922D5AE3A9B48B78D927D5ECDAAA3FAD99C9A3F804F01C47C53B6A68AC"
"Assets/Thirdparty/Animations/Opsive/OmniAnimation/Packs/Shared/Prefabs.meta","172","34E6A68BEDED3C8FA9B70D26AD38A81632D91111E75A17873CEA19365102FEC3"
"Assets/Thirdparty/Animations/MoCapCentral/MC_Sample/Demo/Objects/Drill.meta","172","F2641FE7FD28A336EF34EF10C49F58399DD4F3F01296ACAA7AD7611D4B4A7CC6"
"Assets/Thirdparty/Animations/MoCapCentral/MC_Sample/Demo/Objects/Staff.meta","172","43DBFD25ED6961DA134DE034C0175D24B84CCF9619BED8C2A5FC523EB4B50B9C"
"Assets/Thirdparty/Animations/MoCapCentral/MC_Sample/Animations/Stinky.meta","172","69A44DFDE0439D5B958FF6D936253D9B8C2C4A81A715AF2047DBC391530A717C"
"Assets/Thirdparty/Animations/MoCapCentral/MC_Sample/Animations/Undead.meta","172","9C1BC43D8BDDAE642C89B3E899C70FE8D401293ABBD8B20897970E11AD874339"
"Assets/Thirdparty/Animations/MoCapCentral/MC_Sample/Demo/Objects/Book.meta","172","8716288956E6107066C77B313158FF5FA5228414754D76A76874C8762A940BB6"
"Assets/Thirdparty/Animations/Opsive/OmniAnimation/Packs/Shared/Models.meta","172","560D53585C6C4E69E4705619F1B78ADF6E07070E3EBF2784F7E497FA16EB3799"
"Assets/Thirdparty/Animations/MoCapCentral/MC_Sample/Demo/Objects/Hat.meta","172","73C8A632262398E674B51DA06BDE5FDAA1A07B9BD3434CA5AA9C3B4D92D9F0E2"
"Assets/Thirdparty/Animations/MoCapCentral/MC_Sample/Animations/Dance.meta","172","35A7F2ED4D280890734483C07737EE9BD5F3EFD0CA9670D16BBAF40D8F42C475"
"Assets/Thirdparty/Animations/MoCapCentral/MC_Sample/Animations/Drill.meta","172","D1AA8867AC136A54C4B4FB2E29CBB32EC435A2ACAF5E3EFA8BE902522F661F00"
"Assets/Thirdparty/Animations/MoCapCentral/MC_Sample/Animations/Drunk.meta","172","C349D8E9F8E2CDE6E87D8363E8AF911A6217298E8C1F1738BDBC98FED2D5AC61"
"Assets/Thirdparty/Animations/MoCapCentral/MC_Sample/Animations/Fight.meta","172","EBA9A7FB8512D58E23D9E8DCEE1E397B27A76CB42F90C3C3D52AC1FBD1600621"
"Assets/Thirdparty/Animations/MoCapCentral/MC_Sample/Animations/Piano.meta","172","2FB5BCE7BA0E881A71BB2520F0760853158AE9383AA2D503C6314B144ABF1CCA"
"Assets/Thirdparty/Models/Synty/PolygonPalmCity/Textures/Environment.meta","172","635F9145EA8D7A265D111FBF223D9E7DC43932B296685FAFDCA302090CE6C6B4"
"Assets/Thirdparty/Animations/MoCapCentral/MC_Sample/Animations/Cine.meta","172","F25AFB7D39BB22A4E1D00A10112DF72684F83942760AB18E5811384771EAA343"
"Assets/Thirdparty/Animations/MoCapCentral/MC_Sample/Animations/Sing.meta","172","F541499F959B08491E1177A2C0A310E4A25ABC15D892B3DDE9843D2C9CF58051"
"Assets/Thirdparty/Models/PolygonMilitary/Prefabs/Vehicles/Destroyed.meta","193","2B174A6452B9A0E55FE5BB50B8AC5239CCBD5F750D7273BA3641E98FB522189B"
"Assets/Thirdparty/Animations/MoCapCentral/MC_Sample/Animations/Idle.meta","172","A395235F0A74F42664901CD296C17FDBBE9C6673CB761101C6613CA24960DC21"
"Assets/Thirdparty/Models/Synty/PolygonGeneric/Models/Base/Collision.meta","172","85440C1B479B5366E236394797593B190E050B507B8B39E0BA924AFDDBF639CE"
"Assets/Thirdparty/Animations/Opsive/OmniAnimation/Packs/Shared/URP.meta","172","517F60831439664BCE1508F68D90D12F77BFD70BB5CCB8C20F15B849A451C503"
"Assets/Thirdparty/Animations/MoCapCentral/MC_Sample/Demo/Materials.meta","172","1A4896D5A27C8A7588AE7289760BBB522F509136B648C318C62C534F321CB420"
"Assets/Thirdparty/Models/Synty/PolygonPalmCity/Materials/Buildings.meta","172","6EAA83F8DD25BA010CE5F8D907D1E0FC2873C00561AABDCCCAD2EDD3F37C3BA1"
"Assets/Thirdparty/Models/Synty/PolygonPalmCity/Prefabs/Environment.meta","172","9B56EB2D9E9525714967F2C7F687A64E2E4928A7C81A43E3D7E6288CC5F1CBBF"
"Assets/Thirdparty/Models/Synty/PolygonGeneric/Prefabs/Environment.meta","172","F9F17ACA3C3907E6A9100AA5B2233F417F43A4288862146E3A02D6ED3C245C6C"
"Assets/Thirdparty/Models/Synty/PolygonPalmCity/Textures/Buildings.meta","172","2FFDE3E3947D0EA54CF7B3924F8964BE8C01675FA4CF38CA8AA0E4E1E5D2F478"
"Assets/Thirdparty/Models/Synty/PolygonPalmCity/Prefabs/Characters.meta","172","0DD31CDD9475520D7D6D9897E030BA2332235E6FB0E672E85C6D0BFABF791AE6"
"Assets/Thirdparty/Models/Synty/PolygonPalmCity/Prefabs/Buildings.meta","172","2EE2C9871FB42644B45435A1159C71F5F717D2D6173B4FC239EEFDA92A8309E5"
"Assets/Thirdparty/Models/Synty/PolygonGeneric/Prefabs/Characters.meta","172","693A5ED09B08086BE6C3F14154282C248D2FEDD8C39794D415F4E4BCC70F5698"
"Assets/Thirdparty/Models/PolygonMilitary/Prefabs/Weapons/Modular.meta","193","0253F33AAD39E7364BF37BE99FF8531C843A6CA5A43047062E5829374273D159"
"Assets/Thirdparty/Animations/MoCapCentral/MC_Sample/Demo/Objects.meta","172","C84DA543430C1BBAB5671F69E503BCF2A80983A8CD4490E314505599B9D3F51D"
"Assets/Thirdparty/Ciathyza/Gridbox Prototype Materials/Template.meta","172","AA0345B3D6F8753D079E7F5B396AC79E6D5C631E26BE6A6A208DC99495E39777"
"Assets/Thirdparty/Animations/MoCapCentral/MC_Sample/Demo/Scenes.meta","172","D4100E4F15DAC84069348C3BAAE91A441DA3F7197A5CA5234C0B66B33F0B2B4C"
"Assets/Thirdparty/Models/Synty/PolygonPalmCity/Prefabs/Vehicles.meta","172","6AC22C03C373E3AD73B140D8438A4662302271766F70E1697C6E29C9E3CD417B"
"Assets/Thirdparty/Models/PolygonMilitary/Prefabs/Props/PipeLine.meta","193","AEAF80B4CBD888423E7D1F39E571E6B4AD5F1DEC57B6EFDF451240D9D6B3FC3E"
"Assets/Thirdparty/Models/Synty/PolygonGeneric/Materials/FX/Fire.meta","172","6B2238E4DAD9B0EA7924F0A2E224CAC77247F4DF4AD652131ECDE6377DF4F012"
"Assets/Thirdparty/Models/Synty/PolygonGeneric/Textures/Emissive.meta","172","8CC00CE05B6C907DFAE63CDAE0FD251324FCDA7D96FBF752DF8A999D07C8B8A9"
"Assets/Thirdparty/Models/Synty/PolygonPalmCity/Models/Collision.meta","172","0405831EB29166C56330102F2F2158F549AF4E07EE34C8A5296D33FC8ED18863"
"Assets/Thirdparty/Models/Synty/PolygonPalmCity/Materials/Decals.meta","172","10FCB39166D0EB73E744667BB9006F842FD4A441547DDE94CA8032EC1C55D328"
"Assets/Thirdparty/Models/PolygonBattleRoyale/Prefabs/Characters.meta","193","6C84C7AB6E161C9B51C2C3B8E6E86162BDE22D70D43F0FE1D19FAFE15C8FB405"
"Assets/Thirdparty/Models/Synty/PolygonPalmCity/Textures/Terrain.meta","172","ABD21F99670B1560E87B0100D24E8E7D947E4BDEC8A860BDF9AC542CA06CAC65"
"Assets/Thirdparty/Models/Synty/PolygonPalmCity/Materials/Signs.meta","172","562BDB9BB58E2111194B4603335569098A5A9437653CC6646C2D8630408524F8"
"Assets/Thirdparty/Models/PolygonBattleRoyale/Models/Characters.meta","193","545F379A7C17F7F462E56F0F0C02B3CEA989BCAFCCDBF42CD90C618E5A822244"
"Assets/Thirdparty/Models/PolygonBattleRoyale/Prefabs/Buildings.meta","193","484962E98FEFEBCD007B1C57C7740F60447847308146751A8A847553324ED8CD"
"Assets/Thirdparty/Models/Synty/PolygonPalmCity/Prefabs/Weapons.meta","172","77CF69821E1B4959DE9771FBE4D480C04480EB27B1E9748C6A902A4FD9C2A663"
"Assets/Thirdparty/Models/Synty/PolygonGeneric/Models/Collision.meta","172","65D418BC2C3939D3BB873BF26E4D05005A1ACB006D08EC165EB0B0AF6799EFA0"
"Assets/Thirdparty/Models/Synty/PolygonGeneric/Materials/Decals.meta","172","9686E171F8EFF0B3B5D7681FC42F6B9DD3DDCC6B6C2ABB78C245EB90FB4A2141"
"Assets/Thirdparty/Models/Synty/PolygonGeneric/Textures/FX/Fire.meta","172","6A0A21C7225B860602D9C52AE09D1396102F95963379C42F79BB1B16F91970E9"
"Assets/Thirdparty/Models/Synty/PolygonGeneric/Prefabs/Building.meta","172","7F3628E8AF232B7011282F6162024A046FDDAD91B455CC541BA71316964FBEA3"
"Assets/Thirdparty/Models/Synty/PolygonPalmCity/Textures/Decals.meta","172","35465FDE7C1A9383D91BB67F5728596C892F9778F846FB11FF13A86CD6FACBEC"
"Assets/Thirdparty/Models/Synty/PolygonGeneric/Prefabs/Weapons.meta","172","94832E8F320418C43596BA1451673D5CB1D31C3178AEEB6404B5B920494A14C8"
"Assets/Thirdparty/Models/PolygonMilitary/Prefabs/FX/Materials.meta","193","F8B32ECA4B439C61498756763A2E4232ACC2522B59A275407369F7973D719875"
"Assets/Thirdparty/Models/Synty/PolygonPalmCity/Materials/Misc.meta","172","7A8CEFFA1105C9DD8391D69CAA8E55DEB7E1197D7B157DDF08F32CD07569A7C2"
"Assets/Thirdparty/Models/Synty/PolygonPalmCity/Textures/Signs.meta","172","998663D424C8C921DA741D0B0DAFF2E3A029F173BF0390A5652A31E81F941A5D"
"Assets/Thirdparty/Models/Synty/PolygonGeneric/Textures/Decals.meta","172","DC0931E01FBBF67419CEBF59713B430F9788F0C2E267FB71DAD810D688F016E1"
"Assets/Thirdparty/Models/Synty/PolygonPalmCity/Materials/Env.meta","172","CC25C4D6600CCCC6C3B358C0537CA5C98F37A7C5581E4170693D7410F3586F30"
"Assets/Thirdparty/Models/PolygonMilitary/Prefabs/Props/Signs.meta","193","FAB8DEB5CBD0049FBB9E1B30270EB6909D0D52C28A845123E10D72F95EFA5062"
"Assets/Thirdparty/Models/Synty/PolygonPalmCity/Prefabs/Props.meta","172","1AB451E0F739A2AC34E5D061CDC44828287038AEF19306AECC6A19A9ACEBBE32"
"Assets/Thirdparty/Models/Synty/PolygonPalmCity/Prefabs/Signs.meta","172","8868F26CBC7F623B47D31427DDE59DCEB637956622A8C27F69D0FD8D1FFF29E0"
"Assets/Thirdparty/Models/PolygonBattleRoyale/Prefabs/Generic.meta","193","AA7677EB32C4A0826A3617FA73AC66C599FDAA385E01170AC54189EBC220D966"
"Assets/Thirdparty/Models/Synty/PolygonGeneric/Materials/Alts.meta","172","A87270AB04954494AD9F62B354E541AD279F4BD4AB4CFE3779C43355D85B9750"
"Assets/Thirdparty/Models/PolygonMilitary/Prefabs/Props/Rugs.meta","193","D85F55EB2EA96978DD9349A3A823ED47823532049ED4B7BA4317D1D022BB8E2D"
"Assets/Thirdparty/Models/Synty/PolygonGeneric/Textures/Alts.meta","172","D6E564C62841E79C6B1B55222B05113BC34737BC362240758A2AEA88A408F512"
"Assets/Thirdparty/Models/Synty/PolygonPalmCity/Materials/FX.meta","172","3B3E9F2A7032F5CEA9E8651709901D1621467DAC0C44A20E89A60D279EE0C131"
"Assets/Thirdparty/Models/Synty/PolygonGeneric/Prefabs/Props.meta","172","302513A0ED81926DEE386870F111A3A8A384DA494106928AD61A821E5E775BCB"
"Assets/Thirdparty/Models/PolygonMilitary/Prefabs/Characters.meta","193","B9C61DFCFA4ADA7F0AAA227F7047E0B3CD6464DF753744C7F3D2D61C84F912D5"
"Assets/Thirdparty/Models/PolygonMilitary/Prefabs/FX/Models.meta","193","F0577BCA5B03C91326BB45DF970DF4F5AF70E9CC9A839C68A0DCE9AE641B9849"
"Assets/Thirdparty/Models/PolygonMilitary/Prefabs/FX/Decals.meta","193","2DABA14A26720C117316068BC9053E5F2340EC87E1DFBE6D84E16D4246D7ACC9"
"Assets/Thirdparty/Models/Synty/PolygonGeneric/Materials/FX.meta","172","1B9D9D1B9796C5E018982FD40D689CF032E4F0B41AA627FB8AD4B97FD9801B41"
"Assets/Thirdparty/Models/Synty/PolygonGeneric/Prefabs/Base.meta","172","932494C3D441FC92C09C848FC6F58AA1B1AC279809ACA9F78EE9847F2AD3438D"
"Assets/Thirdparty/Models/Synty/PolygonPalmCity/Textures/FX.meta","172","2C503A1FA051B2B95EF49943C78942F2A89BBF08A7F9C0AF8E204EF03DAAE022"
"Assets/Thirdparty/Models/Synty/PolygonGeneric/Models/Base.meta","172","ECE085245371614F56F427DE3D788EE1144D345FECAF2F812E2493B86C0A93A8"
"Assets/Thirdparty/Layer Lab/GUI Pro-SurvivalClean/Prefabs.meta","172","7667C780B3FDF3EFAC8C1FA49395306205116F395996A87388674E12486A3769"
"Assets/Thirdparty/Universal Animation Library 2[Standard].meta","172","6D716704B77D6517826492B03A6171F8EA0A94854B4E52C17270BD1196E76B79"
"Assets/Thirdparty/Models/Synty/PolygonGeneric/Textures/FX.meta","172","C820A41DF6DD155EE0C3DE361500B452407CA4F0C5EEF942152F3B3420724242"
"Assets/Thirdparty/Models/Synty/PolygonPalmCity/Prefabs/FX.meta","172","41D72C3972122E6A297641C34256CEC21236CDE72F1297A84D19D12D922F072F"
"Assets/Thirdparty/Models/PolygonBattleRoyale/Materials/FX.meta","193","A25EC3250FB8F043204A84AFCECC8FF7D9F4D59E39CAD715F402B905D684CCEE"
"Assets/Thirdparty/Models/Synty/PNB_Core/Materials/Presets.meta","172","D4999E0CAA8BE8B5481E8D6FFDF0222A65E898AEDE5287BFC82CB165CE1FE60D"
"Assets/Thirdparty/Models/Synty/PolygonGeneric/Prefabs/FX.meta","172","EFFEF6DE6530BFC9988CF846B840A0815A7F837FF9F638A5BF54D273C9BE2FF7"
"Assets/Thirdparty/Models/PolygonMilitary/Prefabs/Generic.meta","193","EAD3AA063A7AB393F28C6141F163A9EBD9861CBD896F6206B2779853EF5783B0"
"Assets/Thirdparty/Models/PolygonMilitary/Textures/Decals.meta","193","8893E14C3BD450C1652CCA6B2F2605FF850CDE600E5D7006EFF291607D9BCAA6"
"Assets/Thirdparty/Models/Synty/PolygonGeneric/Models/FX.meta","172","C276ECDC7FFEE2E5FF1073E790ECE50C2C1EBB76DBC4E6B29568D194D1FB02ED"
"Assets/Thirdparty/Models/Synty/PolygonGeneric/Materials.meta","172","009EDDFC0D25E1C8148D7A245997CF0E9C67A94FEF23E846AD978D93B50A9E78"
"Assets/Thirdparty/Models/PolygonBattleRoyale/Prefabs/FX.meta","193","A2188A067645D2ACACFC50E56910EB0B0A57A20A178E1D90BC7679140FC2BFA3"
"Assets/Thirdparty/Models/PolygonZombies/Materials/Alts.meta","193","D99149E10F899420FB24E7EF3C4C90B0EF6DB7BBA53E821ABA60A576C0F3C26D"
"Assets/Thirdparty/Models/PolygonMilitary/Prefabs/Items.meta","193","7E4788EBD105BF3407DD6BF7314FEF6BA671D8DE38E3083ADE5BC7A1CE834CF4"
"Assets/Thirdparty/Models/Synty/PolygonPalmCity/Prefabs.meta","172","75A042C3AF4DD6D6BA934C1782D72E8F1CB0528D67C74415FF6B8C2F52CFA3C2"
"Assets/Thirdparty/Models/Synty/PolygonPalmCity/Volumes.meta","172","DCAD739F28F9B1D89BE9EDEEDF8B5D12F0594FAB57B5576BD26A16BA8BE69EFC"
"Assets/Thirdparty/Models/PolygonBattleRoyale/Models/FX.meta","172","A879F572FD9FF0F14217E8157217A1CAF27269CA0E11CDE87064A57C93873529"
"Assets/Thirdparty/Models/Synty/PolygonPalmCity/Scenes.meta","172","727462B957B6F9C73C17E6103EDEF843ED43C6A678CDC8953CF2C2FD17260188"
"Assets/Thirdparty/Models/Synty/PolygonGeneric/Prefabs.meta","172","4724F67418FA996B19DAC7828F5DBF29F10C1D53B5CFAD5A94A72FEEE79A7890"
"Assets/Thirdparty/Models/PolygonZombies/Textures/Alts.meta","193","58840E9E7A06BFCBED30A158696058C8BE9D308192F69D76AE546DECE544431B"
"Assets/Thirdparty/Models/Synty/PolygonGeneric/Scenes.meta","172","50D8D93A897CDFE2F2B357BF3AFFF3B78D87A0AB8C0BF7D3112812DF1D6CFECA"
"Assets/Thirdparty/Models/Synty/PolygonGeneric/Models.meta","172","854315A27545BB792246544E63626FB30F15C9BAA5CF25DADAC086C39EE0E9F1"
"Assets/Thirdparty/Models/PolygonMilitary/Prefabs/FX.meta","193","F0F2F069DFBDE82C650E79A8848F8E4CD31879CD5B33B56813D5BAA623FC66D5"
"Assets/Thirdparty/Models/Synty/PNB_Core/Materials.meta","172","B4D98296366748102AB6D8572EC2D568E898DBB03BCA7D2A157612683797F5B1"
"Assets/Thirdparty/Models/Synty/PNB_Core/Prefabs.meta","172","B6196D2A396C40690C0308400DEB863174909FA679ABAD208548851735DBCEB0"
"Assets/Thirdparty/Models/PolygonZombies/Prefabs.meta","193","AEA0B919072B6A3C7B94ADD33055B8FECFACD0CBC29CA4ED77BFF431FC6828F6"
"Assets/Thirdparty/Models/Synty/PNB_Core/Models.meta","172","C5D9875EE39EBC3D13981C2BC53701E6FD68A42C172923FB9D03DBB0D0F5917F"
